{
    "loss": 0.8198388814926147,
    "accuracy": 0.7450980544090271
}